<?xml version="1.0" encoding="UTF-8"?>
<project-private xmlns="http://www.netbeans.org/ns/project-private/1">
    <editor-bookmarks xmlns="http://www.netbeans.org/ns/editor-bookmarks/2" lastBookmarkId="0"/>
    <open-files xmlns="http://www.netbeans.org/ns/projectui-open-files/2">
        <group>
            <file>file:/E:/A1/Assessment%201/Main/src/main/Company.java</file>
            <file>file:/E:/A1/Assessment%201/Main/src/main/Dog.java</file>
            <file>file:/E:/A1/Assessment%201/Main/src/main/Main.java</file>
            <file>file:/E:/A1/Assessment%201/Main/src/main/Enclosure.java</file>
        </group>
    </open-files>
</project-private>
